<?xml version="1.0" encoding="UTF-8"?>

<StructureDefinition xmlns="http://hl7.org/fhir">
  <id value="BackboneElement"/>
  <text>
    <status value="generated"/>
    <div xmlns="http://www.w3.org/1999/xhtml">
      <table border="0" cellpadding="0" cellspacing="0" style="border: 0px; font-size: 11px; font-family: verdana; vertical-align: top;">
        <tr style="border: 1px #F0F0F0 solid; font-size: 11px; font-family: verdana; vertical-align: top;">
          <th style="vertical-align: top; text-align : left; background-color: white; padding:0px 4px 0px 4px" class="hierarchy">
            <a href="formats.html#table" title="The logical name of the element">Name</a>
          </th>
          <th style="vertical-align: top; text-align : left; background-color: white; padding:0px 4px 0px 4px" class="hierarchy">
            <a href="formats.html#table" title="Information about the use of the element">Flags</a>
          </th>
          <th style="vertical-align: top; text-align : left; background-color: white; padding:0px 4px 0px 4px" class="hierarchy">
            <a href="formats.html#table" title="Minimum and Maximum # of times the the element can appear in the instance">Card.</a>
          </th>
          <th style="width: 100px" class="hierarchy">
            <a href="formats.html#table" title="Reference to the type of the element">Type</a>
          </th>
          <th style="vertical-align: top; text-align : left; background-color: white; padding:0px 4px 0px 4px" class="hierarchy">
            <a href="formats.html#table" title="Additional information about the element">Description &amp; Constraints</a>
            <span style="float: right">
              <a href="formats.html#table" title="Legend for this format">
                <img src="help16.png" alt="doco" style="background-color: inherit"/>
              </a>
            </span>
          </th>
        </tr>
        <tr style="border: 0px; padding:0px; vertical-align: top; background-color: white;">
          <td style="vertical-align: top; text-align : left; background-color: white; padding:0px 4px 0px 4px; white-space: nowrap; background-image: url(data: image/png;base64,iVBORw0KGgoAAAANSUhEUgAAAyAAAAACCAYAAACg/LjIAAAAL0lEQVR42u3XsQ0AQAgCQHdl/xn8jxvYWB3JlTR0VJLa+OltBwAAYP6EEQAAgCsPVYVAgIJrA/sAAAAASUVORK5CYII=)" class="hierarchy">
            <img src="data: image/png;base64," alt="." style="background-color: inherit" class="hierarchy"/>
            <img src="data: image/png;base64," alt="." style="background-color: white; background-color: inherit" title="Element" class="hierarchy"/> 
            <a href="datatypes-definitions.html#BackboneElement" title="BackboneElement : Base definition for all elements that are defined inside a resource - but not those in a data type.">BackboneElement</a>
            <a name="BackboneElement"> </a>
          </td>
          <td style="vertical-align: top; text-align : left; background-color: white; padding:0px 4px 0px 4px" class="hierarchy"/>
          <td style="vertical-align: top; text-align : left; background-color: white; padding:0px 4px 0px 4px" class="hierarchy"></td>
          <td style="vertical-align: top; text-align : left; background-color: white; padding:0px 4px 0px 4px" class="hierarchy">
            <a href="element.html">Element</a>
          </td>
          <td style="vertical-align: top; text-align : left; background-color: white; padding:0px 4px 0px 4px" class="hierarchy">Base for elements defined inside a resource</td>
        </tr>

        <tr style="border: 0px; padding:0px; vertical-align: top; background-color: white;">
          <td style="vertical-align: top; text-align : left; background-color: white; padding:0px 4px 0px 4px; white-space: nowrap; background-image: url(data: image/png;base64,iVBORw0KGgoAAAANSUhEUgAAAyAAAAACCAYAAACg/LjIAAAAI0lEQVR42u3QIQEAAAACIL/6/4MvTAQOkLYBAAB4kAAAANwMad9AqkRjgNAAAAAASUVORK5CYII=)" class="hierarchy">
            <img src="data: image/png;base64," alt="." style="background-color: inherit" class="hierarchy"/>
            <img src="data: image/png;base64," alt="." style="background-color: inherit" class="hierarchy"/>
            <img src="data: image/png;base64," alt="." style="background-color: white; background-color: inherit" title="Extension" class="hierarchy"/> 
            <a href="datatypes-definitions.html#BackboneElement.modifierExtension" title="BackboneElement.modifierExtension : May be used to represent additional information that is not part of the basic definition of the element, and that modifies the understanding of the element that contains it. Usually modifier elements provide negation or qualification. In order to make the use of extensions safe and manageable, there is a strict set of governance applied to the definition and use of extensions. Though any implementer is allowed to define an extension, there is a set of requirements that SHALL be met as part of the definition of the extension. Applications processing a resource are required to check for modifier extensions.">modifierExtension</a>
            <a name="BackboneElement.modifierExtension"> </a>
          </td>
          <td style="vertical-align: top; text-align : left; background-color: white; padding:0px 4px 0px 4px" class="hierarchy">
            <span title="This element is a modifier element">?!</span>
          </td>
          <td style="vertical-align: top; text-align : left; background-color: white; padding:0px 4px 0px 4px" class="hierarchy">0..*</td>
          <td style="vertical-align: top; text-align : left; background-color: white; padding:0px 4px 0px 4px" class="hierarchy">
            <a href="extensibility.html#Extension">Extension</a>
          </td>
          <td style="vertical-align: top; text-align : left; background-color: white; padding:0px 4px 0px 4px" class="hierarchy">Extensions that cannot be ignored</td>
        </tr>

        <tr>
          <td colspan="5" class="hierarchy">
            <br/>
            <a href="formats.html#table" title="Legend for this format">
              <img src="help16.png" alt="doco" style="background-color: inherit"/> Documentation for this format
            </a>
          </td>
        </tr>
      </table>
    </div>
  </text>
  <url value="http://hl7.org/fhir/StructureDefinition/BackboneElement"/>
  <name value="BackboneElement"/>
  <status value="draft"/>
  <publisher value="HL7 FHIR Standard"/>
  <contact>
    <telecom>
      <system value="other"/>
      <value value="http://hl7.org/fhir"/>
    </telecom>
  </contact>
  <date value="2015-11-04T00:45:12+00:00"/>
  <description value="Base StructureDefinition for BackboneElement Type"/>
  <fhirVersion value="1.0.2"/>
  <mapping>
    <identity value="rim"/>
    <uri value="http://hl7.org/v3"/>
    <name value="RIM"/>
  </mapping>
  <kind value="datatype"/>
  <abstract value="false"/>
  <base value="http://hl7.org/fhir/StructureDefinition/Element"/>
  <snapshot>
    <element>
      <path value="BackboneElement"/>
      <short value="Base for elements defined inside a resource"/>
      <definition value="Base definition for all elements that are defined inside a resource - but not those in a data type."/>
      <min value="0"/>
      <max value="*"/>
      <type>
        <code value="Element"/>
      </type>
      <mapping>
        <identity value="rim"/>
        <map value="n/a"/>
      </mapping>
    </element>
    <element>
      <path value="BackboneElement.id"/>
      <representation value="xmlAttr"/>
      <short value="xml:id (or equivalent in JSON)"/>
      <definition value="unique id for the element within a resource (for internal references)."/>
      <min value="0"/>
      <max value="1"/>
      <type>
        <code value="id"/>
      </type>
      <mapping>
        <identity value="rim"/>
        <map value="n/a"/>
      </mapping>
    </element>
    <element>
      <path value="BackboneElement.extension"/>
      <short value="Additional Content defined by implementations"/>
      <definition value="May be used to represent additional information that is not part of the basic definition of the element. In order to make the use of extensions safe and manageable, there is a strict set of governance  applied to the definition and use of extensions. Though any implementer is allowed to define an extension, there is a set of requirements that SHALL be met as part of the definition of the extension."/>
      <comments value="There can be no stigma associated with the use of extensions by any application, project, or standard - regardless of the institution or jurisdiction that uses or defines the extensions.  The use of extensions is what allows the FHIR specification to retain a core level of simplicity for everyone."/>
      <alias value="extensions"/>
      <alias value="user content"/>
      <min value="0"/>
      <max value="*"/>
      <type>
        <code value="Extension"/>
      </type>
      <mapping>
        <identity value="rim"/>
        <map value="n/a"/>
      </mapping>
    </element>
    <element>
      <path value="BackboneElement.modifierExtension"/>
      <short value="Extensions that cannot be ignored"/>
      <definition value="May be used to represent additional information that is not part of the basic definition of the element, and that modifies the understanding of the element that contains it. Usually modifier elements provide negation or qualification. In order to make the use of extensions safe and manageable, there is a strict set of governance applied to the definition and use of extensions. Though any implementer is allowed to define an extension, there is a set of requirements that SHALL be met as part of the definition of the extension. Applications processing a resource are required to check for modifier extensions."/>
      <comments value="There can be no stigma associated with the use of extensions by any application, project, or standard - regardless of the institution or jurisdiction that uses or defines the extensions.  The use of extensions is what allows the FHIR specification to retain a core level of simplicity for everyone."/>
      <alias value="extensions"/>
      <alias value="user content"/>
      <alias value="modifiers"/>
      <min value="0"/>
      <max value="*"/>
      <type>
        <code value="Extension"/>
      </type>
      <isModifier value="true"/>
      <mapping>
        <identity value="rim"/>
        <map value="N/A"/>
      </mapping>
    </element>
  </snapshot>
  <differential>
    <element>
      <path value="BackboneElement"/>
      <short value="Base for elements defined inside a resource"/>
      <definition value="Base definition for all elements that are defined inside a resource - but not those in a data type."/>
      <min value="0"/>
      <max value="*"/>
      <type>
        <code value="Element"/>
      </type>
      <mapping>
        <identity value="rim"/>
        <map value="n/a"/>
      </mapping>
    </element>
    <element>
      <path value="BackboneElement.modifierExtension"/>
      <short value="Extensions that cannot be ignored"/>
      <definition value="May be used to represent additional information that is not part of the basic definition of the element, and that modifies the understanding of the element that contains it. Usually modifier elements provide negation or qualification. In order to make the use of extensions safe and manageable, there is a strict set of governance applied to the definition and use of extensions. Though any implementer is allowed to define an extension, there is a set of requirements that SHALL be met as part of the definition of the extension. Applications processing a resource are required to check for modifier extensions."/>
      <comments value="There can be no stigma associated with the use of extensions by any application, project, or standard - regardless of the institution or jurisdiction that uses or defines the extensions.  The use of extensions is what allows the FHIR specification to retain a core level of simplicity for everyone."/>
      <alias value="extensions"/>
      <alias value="user content"/>
      <alias value="modifiers"/>
      <min value="0"/>
      <max value="*"/>
      <type>
        <code value="Extension"/>
      </type>
      <isModifier value="true"/>
      <mapping>
        <identity value="rim"/>
        <map value="N/A"/>
      </mapping>
    </element>
  </differential>
</StructureDefinition>