<?xml version="1.0" encoding="UTF-8"?>

<StructureDefinition xmlns="http://hl7.org/fhir">
  <id value="Coding"/>
  <text>
    <status value="generated"/>
    <div xmlns="http://www.w3.org/1999/xhtml">
      <table border="0" cellpadding="0" cellspacing="0" style="border: 0px; font-size: 11px; font-family: verdana; vertical-align: top;">
        <tr style="border: 1px #F0F0F0 solid; font-size: 11px; font-family: verdana; vertical-align: top;">
          <th style="vertical-align: top; text-align : left; background-color: white; padding:0px 4px 0px 4px" class="hierarchy">
            <a href="formats.html#table" title="The logical name of the element">Name</a>
          </th>
          <th style="vertical-align: top; text-align : left; background-color: white; padding:0px 4px 0px 4px" class="hierarchy">
            <a href="formats.html#table" title="Information about the use of the element">Flags</a>
          </th>
          <th style="vertical-align: top; text-align : left; background-color: white; padding:0px 4px 0px 4px" class="hierarchy">
            <a href="formats.html#table" title="Minimum and Maximum # of times the the element can appear in the instance">Card.</a>
          </th>
          <th style="width: 100px" class="hierarchy">
            <a href="formats.html#table" title="Reference to the type of the element">Type</a>
          </th>
          <th style="vertical-align: top; text-align : left; background-color: white; padding:0px 4px 0px 4px" class="hierarchy">
            <a href="formats.html#table" title="Additional information about the element">Description &amp; Constraints</a>
            <span style="float: right">
              <a href="formats.html#table" title="Legend for this format">
                <img src="help16.png" alt="doco" style="background-color: inherit"/>
              </a>
            </span>
          </th>
        </tr>
        <tr style="border: 0px; padding:0px; vertical-align: top; background-color: white;">
          <td style="vertical-align: top; text-align : left; background-color: white; padding:0px 4px 0px 4px; white-space: nowrap; background-image: url(data: image/png;base64,iVBORw0KGgoAAAANSUhEUgAAAyAAAAACCAYAAACg/LjIAAAAL0lEQVR42u3XsQ0AQAgCQHdl/xn8jxvYWB3JlTR0VJLa+OltBwAAYP6EEQAAgCsPVYVAgIJrA/sAAAAASUVORK5CYII=)" class="hierarchy">
            <img src="data: image/png;base64," alt="." style="background-color: inherit" class="hierarchy"/>
            <img src="data: image/png;base64," alt="." style="background-color: white; background-color: inherit" title="Element" class="hierarchy"/> 
            <a href="datatypes-definitions.html#Coding" title="Coding : A reference to a code defined by a terminology system.">Coding</a>
            <a name="Coding"> </a>
          </td>
          <td style="vertical-align: top; text-align : left; background-color: white; padding:0px 4px 0px 4px" class="hierarchy">
            <span title="This element is included in summaries">Σ</span>
          </td>
          <td style="vertical-align: top; text-align : left; background-color: white; padding:0px 4px 0px 4px" class="hierarchy"></td>
          <td style="vertical-align: top; text-align : left; background-color: white; padding:0px 4px 0px 4px" class="hierarchy">
            <a href="element.html">Element</a>
          </td>
          <td style="vertical-align: top; text-align : left; background-color: white; padding:0px 4px 0px 4px" class="hierarchy">A reference to a code defined by a terminology system</td>
        </tr>

        <tr style="border: 0px; padding:0px; vertical-align: top; background-color: white;">
          <td style="vertical-align: top; text-align : left; background-color: white; padding:0px 4px 0px 4px; white-space: nowrap; background-image: url(data: image/png;base64,iVBORw0KGgoAAAANSUhEUgAAAyAAAAACCAYAAACg/LjIAAAAL0lEQVR42u3XsQ0AQAgCQHdl/xn8jxvYWB3JlTR0VJLa+OltBwAAYP6EEQAAgCsPVYVAgIJrA/sAAAAASUVORK5CYII=)" class="hierarchy">
            <img src="data: image/png;base64," alt="." style="background-color: inherit" class="hierarchy"/>
            <img src="data: image/png;base64," alt="." style="background-color: inherit" class="hierarchy"/>
            <img src="data: image/png;base64," alt="." style="background-color: white; background-color: inherit" title="Primitive Data Type" class="hierarchy"/> 
            <a href="datatypes-definitions.html#Coding.system" title="Coding.system : The identification of the code system that defines the meaning of the symbol in the code.">system</a>
            <a name="Coding.system"> </a>
          </td>
          <td style="vertical-align: top; text-align : left; background-color: white; padding:0px 4px 0px 4px" class="hierarchy">
            <span title="This element is included in summaries">Σ</span>
          </td>
          <td style="vertical-align: top; text-align : left; background-color: white; padding:0px 4px 0px 4px" class="hierarchy">0..1</td>
          <td style="vertical-align: top; text-align : left; background-color: white; padding:0px 4px 0px 4px" class="hierarchy">
            <a href="datatypes.html#uri">uri</a>
          </td>
          <td style="vertical-align: top; text-align : left; background-color: white; padding:0px 4px 0px 4px" class="hierarchy">Identity of the terminology system</td>
        </tr>

        <tr style="border: 0px; padding:0px; vertical-align: top; background-color: white;">
          <td style="vertical-align: top; text-align : left; background-color: white; padding:0px 4px 0px 4px; white-space: nowrap; background-image: url(data: image/png;base64,iVBORw0KGgoAAAANSUhEUgAAAyAAAAACCAYAAACg/LjIAAAAL0lEQVR42u3XsQ0AQAgCQHdl/xn8jxvYWB3JlTR0VJLa+OltBwAAYP6EEQAAgCsPVYVAgIJrA/sAAAAASUVORK5CYII=)" class="hierarchy">
            <img src="data: image/png;base64," alt="." style="background-color: inherit" class="hierarchy"/>
            <img src="data: image/png;base64," alt="." style="background-color: inherit" class="hierarchy"/>
            <img src="data: image/png;base64," alt="." style="background-color: white; background-color: inherit" title="Primitive Data Type" class="hierarchy"/> 
            <a href="datatypes-definitions.html#Coding.version" title="Coding.version : The version of the code system which was used when choosing this code. Note that a well-maintained code system does not need the version reported, because the meaning of codes is consistent across versions. However this cannot consistently be assured. and when the meaning is not guaranteed to be consistent, the version SHOULD be exchanged.">version</a>
            <a name="Coding.version"> </a>
          </td>
          <td style="vertical-align: top; text-align : left; background-color: white; padding:0px 4px 0px 4px" class="hierarchy">
            <span title="This element is included in summaries">Σ</span>
          </td>
          <td style="vertical-align: top; text-align : left; background-color: white; padding:0px 4px 0px 4px" class="hierarchy">0..1</td>
          <td style="vertical-align: top; text-align : left; background-color: white; padding:0px 4px 0px 4px" class="hierarchy">
            <a href="datatypes.html#string">string</a>
          </td>
          <td style="vertical-align: top; text-align : left; background-color: white; padding:0px 4px 0px 4px" class="hierarchy">Version of the system - if relevant</td>
        </tr>

        <tr style="border: 0px; padding:0px; vertical-align: top; background-color: white;">
          <td style="vertical-align: top; text-align : left; background-color: white; padding:0px 4px 0px 4px; white-space: nowrap; background-image: url(data: image/png;base64,iVBORw0KGgoAAAANSUhEUgAAAyAAAAACCAYAAACg/LjIAAAAL0lEQVR42u3XsQ0AQAgCQHdl/xn8jxvYWB3JlTR0VJLa+OltBwAAYP6EEQAAgCsPVYVAgIJrA/sAAAAASUVORK5CYII=)" class="hierarchy">
            <img src="data: image/png;base64," alt="." style="background-color: inherit" class="hierarchy"/>
            <img src="data: image/png;base64," alt="." style="background-color: inherit" class="hierarchy"/>
            <img src="data: image/png;base64," alt="." style="background-color: white; background-color: inherit" title="Primitive Data Type" class="hierarchy"/> 
            <a href="datatypes-definitions.html#Coding.code" title="Coding.code : A symbol in syntax defined by the system. The symbol may be a predefined code or an expression in a syntax defined by the coding system (e.g. post-coordination).">code</a>
            <a name="Coding.code"> </a>
          </td>
          <td style="vertical-align: top; text-align : left; background-color: white; padding:0px 4px 0px 4px" class="hierarchy">
            <span title="This element is included in summaries">Σ</span>
          </td>
          <td style="vertical-align: top; text-align : left; background-color: white; padding:0px 4px 0px 4px" class="hierarchy">0..1</td>
          <td style="vertical-align: top; text-align : left; background-color: white; padding:0px 4px 0px 4px" class="hierarchy">
            <a href="datatypes.html#code">code</a>
          </td>
          <td style="vertical-align: top; text-align : left; background-color: white; padding:0px 4px 0px 4px" class="hierarchy">Symbol in syntax defined by the system</td>
        </tr>

        <tr style="border: 0px; padding:0px; vertical-align: top; background-color: white;">
          <td style="vertical-align: top; text-align : left; background-color: white; padding:0px 4px 0px 4px; white-space: nowrap; background-image: url(data: image/png;base64,iVBORw0KGgoAAAANSUhEUgAAAyAAAAACCAYAAACg/LjIAAAAL0lEQVR42u3XsQ0AQAgCQHdl/xn8jxvYWB3JlTR0VJLa+OltBwAAYP6EEQAAgCsPVYVAgIJrA/sAAAAASUVORK5CYII=)" class="hierarchy">
            <img src="data: image/png;base64," alt="." style="background-color: inherit" class="hierarchy"/>
            <img src="data: image/png;base64," alt="." style="background-color: inherit" class="hierarchy"/>
            <img src="data: image/png;base64," alt="." style="background-color: white; background-color: inherit" title="Primitive Data Type" class="hierarchy"/> 
            <a href="datatypes-definitions.html#Coding.display" title="Coding.display : A representation of the meaning of the code in the system, following the rules of the system.">display</a>
            <a name="Coding.display"> </a>
          </td>
          <td style="vertical-align: top; text-align : left; background-color: white; padding:0px 4px 0px 4px" class="hierarchy">
            <span title="This element is included in summaries">Σ</span>
          </td>
          <td style="vertical-align: top; text-align : left; background-color: white; padding:0px 4px 0px 4px" class="hierarchy">0..1</td>
          <td style="vertical-align: top; text-align : left; background-color: white; padding:0px 4px 0px 4px" class="hierarchy">
            <a href="datatypes.html#string">string</a>
          </td>
          <td style="vertical-align: top; text-align : left; background-color: white; padding:0px 4px 0px 4px" class="hierarchy">Representation defined by the system</td>
        </tr>

        <tr style="border: 0px; padding:0px; vertical-align: top; background-color: white;">
          <td style="vertical-align: top; text-align : left; background-color: white; padding:0px 4px 0px 4px; white-space: nowrap; background-image: url(data: image/png;base64,iVBORw0KGgoAAAANSUhEUgAAAyAAAAACCAYAAACg/LjIAAAAI0lEQVR42u3QIQEAAAACIL/6/4MvTAQOkLYBAAB4kAAAANwMad9AqkRjgNAAAAAASUVORK5CYII=)" class="hierarchy">
            <img src="data: image/png;base64," alt="." style="background-color: inherit" class="hierarchy"/>
            <img src="data: image/png;base64," alt="." style="background-color: inherit" class="hierarchy"/>
            <img src="data: image/png;base64," alt="." style="background-color: white; background-color: inherit" title="Primitive Data Type" class="hierarchy"/> 
            <a href="datatypes-definitions.html#Coding.userSelected" title="Coding.userSelected : Indicates that this coding was chosen by a user directly - i.e. off a pick list of available items (codes or displays).">userSelected</a>
            <a name="Coding.userSelected"> </a>
          </td>
          <td style="vertical-align: top; text-align : left; background-color: white; padding:0px 4px 0px 4px" class="hierarchy">
            <span title="This element is included in summaries">Σ</span>
          </td>
          <td style="vertical-align: top; text-align : left; background-color: white; padding:0px 4px 0px 4px" class="hierarchy">0..1</td>
          <td style="vertical-align: top; text-align : left; background-color: white; padding:0px 4px 0px 4px" class="hierarchy">
            <a href="datatypes.html#boolean">boolean</a>
          </td>
          <td style="vertical-align: top; text-align : left; background-color: white; padding:0px 4px 0px 4px" class="hierarchy">If this coding was chosen directly by the user</td>
        </tr>

        <tr>
          <td colspan="5" class="hierarchy">
            <br/>
            <a href="formats.html#table" title="Legend for this format">
              <img src="help16.png" alt="doco" style="background-color: inherit"/> Documentation for this format
            </a>
          </td>
        </tr>
      </table>
    </div>
  </text>
  <url value="http://hl7.org/fhir/StructureDefinition/Coding"/>
  <name value="Coding"/>
  <status value="draft"/>
  <publisher value="HL7 FHIR Standard"/>
  <contact>
    <telecom>
      <system value="other"/>
      <value value="http://hl7.org/fhir"/>
    </telecom>
  </contact>
  <date value="2015-11-04T00:45:12+00:00"/>
  <description value="Base StructureDefinition for Coding Type"/>
  <requirements value="References to codes are very common in healthcare models."/>
  <fhirVersion value="1.0.2"/>
  <mapping>
    <identity value="v2"/>
    <uri value="http://hl7.org/v2"/>
    <name value="HL7 v2"/>
  </mapping>
  <mapping>
    <identity value="rim"/>
    <uri value="http://hl7.org/v3"/>
    <name value="RIM"/>
  </mapping>
  <mapping>
    <identity value="orim"/>
    <uri value="http://hl7.org/orim"/>
    <name value="Ontological RIM Mapping"/>
  </mapping>
  <kind value="datatype"/>
  <abstract value="false"/>
  <base value="http://hl7.org/fhir/StructureDefinition/Element"/>
  <snapshot>
    <element>
      <path value="Coding"/>
      <short value="A reference to a code defined by a terminology system"/>
      <definition value="A reference to a code defined by a terminology system."/>
      <comments value="Codes may be defined very casually in enumerations or code lists, up to very formal definitions such as SNOMED CT - see the HL7 v3 Core Principles for more information."/>
      <min value="0"/>
      <max value="*"/>
      <type>
        <code value="Element"/>
      </type>
      <isSummary value="true"/>
      <mapping>
        <identity value="v2"/>
        <map value="CE/CNE/CWE subset one of the sets of component 1-3 or 4-6"/>
      </mapping>
      <mapping>
        <identity value="rim"/>
        <map value="CV"/>
      </mapping>
      <mapping>
        <identity value="orim"/>
        <map value="fhir:Coding rdfs:subClassOf dt:CDCoding"/>
      </mapping>
    </element>
    <element>
      <path value="Coding.id"/>
      <representation value="xmlAttr"/>
      <short value="xml:id (or equivalent in JSON)"/>
      <definition value="unique id for the element within a resource (for internal references)."/>
      <min value="0"/>
      <max value="1"/>
      <type>
        <code value="id"/>
      </type>
      <mapping>
        <identity value="rim"/>
        <map value="n/a"/>
      </mapping>
    </element>
    <element>
      <path value="Coding.extension"/>
      <short value="Additional Content defined by implementations"/>
      <definition value="May be used to represent additional information that is not part of the basic definition of the element. In order to make the use of extensions safe and manageable, there is a strict set of governance  applied to the definition and use of extensions. Though any implementer is allowed to define an extension, there is a set of requirements that SHALL be met as part of the definition of the extension."/>
      <comments value="There can be no stigma associated with the use of extensions by any application, project, or standard - regardless of the institution or jurisdiction that uses or defines the extensions.  The use of extensions is what allows the FHIR specification to retain a core level of simplicity for everyone."/>
      <alias value="extensions"/>
      <alias value="user content"/>
      <min value="0"/>
      <max value="*"/>
      <type>
        <code value="Extension"/>
      </type>
      <mapping>
        <identity value="rim"/>
        <map value="n/a"/>
      </mapping>
    </element>
    <element>
      <path value="Coding.system"/>
      <short value="Identity of the terminology system"/>
      <definition value="The identification of the code system that defines the meaning of the symbol in the code."/>
      <comments value="The URI may be an OID (urn:oid:...) or a UUID (urn:uuid:...).  OIDs and UUIDs SHALL be references to the HL7 OID registry. Otherwise, the URI should come from HL7&#39;s list of FHIR defined special URIs or it should de-reference to some definition that establish the system clearly and unambiguously."/>
      <requirements value="Need to be unambiguous about the source of the definition of the symbol."/>
      <min value="0"/>
      <max value="1"/>
      <type>
        <code value="uri"/>
      </type>
      <isSummary value="true"/>
      <mapping>
        <identity value="v2"/>
        <map value="C*E.3"/>
      </mapping>
      <mapping>
        <identity value="rim"/>
        <map value="./codeSystem"/>
      </mapping>
      <mapping>
        <identity value="orim"/>
        <map value="fhir:Coding.system rdfs:subPropertyOf dt:CDCoding.codeSystem"/>
      </mapping>
    </element>
    <element>
      <path value="Coding.version"/>
      <short value="Version of the system - if relevant"/>
      <definition value="The version of the code system which was used when choosing this code. Note that a well-maintained code system does not need the version reported, because the meaning of codes is consistent across versions. However this cannot consistently be assured. and when the meaning is not guaranteed to be consistent, the version SHOULD be exchanged."/>
      <comments value="Where the terminology does not clearly define what string should be used to identify code system versions, the recommendation is to use the date (expressed in FHIR date format) on which that version was officially published as the version date."/>
      <min value="0"/>
      <max value="1"/>
      <type>
        <code value="string"/>
      </type>
      <isSummary value="true"/>
      <mapping>
        <identity value="v2"/>
        <map value="C*E.7"/>
      </mapping>
      <mapping>
        <identity value="rim"/>
        <map value="./codeSystemVersion"/>
      </mapping>
      <mapping>
        <identity value="orim"/>
        <map value="fhir:Coding.version rdfs:subPropertyOf dt:CDCoding.codeSystemVersion"/>
      </mapping>
    </element>
    <element>
      <path value="Coding.code"/>
      <short value="Symbol in syntax defined by the system"/>
      <definition value="A symbol in syntax defined by the system. The symbol may be a predefined code or an expression in a syntax defined by the coding system (e.g. post-coordination)."/>
      <requirements value="Need to refer to a particular code in the system."/>
      <min value="0"/>
      <max value="1"/>
      <type>
        <code value="code"/>
      </type>
      <isSummary value="true"/>
      <mapping>
        <identity value="v2"/>
        <map value="C*E.1"/>
      </mapping>
      <mapping>
        <identity value="rim"/>
        <map value="./code"/>
      </mapping>
      <mapping>
        <identity value="orim"/>
        <map value="fhir:Coding.code rdfs:subPropertyOf dt:CDCoding.code"/>
      </mapping>
    </element>
    <element>
      <path value="Coding.display"/>
      <short value="Representation defined by the system"/>
      <definition value="A representation of the meaning of the code in the system, following the rules of the system."/>
      <requirements value="Need to be able to carry a human-readable meaning of the code for readers that do not know  the system."/>
      <min value="0"/>
      <max value="1"/>
      <type>
        <code value="string"/>
      </type>
      <isSummary value="true"/>
      <mapping>
        <identity value="v2"/>
        <map value="C*E.2 - but note this is not well followed"/>
      </mapping>
      <mapping>
        <identity value="rim"/>
        <map value="CV.displayName"/>
      </mapping>
      <mapping>
        <identity value="orim"/>
        <map value="fhir:Coding.display rdfs:subPropertyOf dt:CDCoding.displayName"/>
      </mapping>
    </element>
    <element>
      <path value="Coding.userSelected"/>
      <short value="If this coding was chosen directly by the user"/>
      <definition value="Indicates that this coding was chosen by a user directly - i.e. off a pick list of available items (codes or displays)."/>
      <comments value="Amongst a set of alternatives, a directly chosen code is the most appropriate starting point for new translations. There is some ambiguity about what exactly &#39;directly chosen&#39; implies, and trading partner agreement may be needed to clarify the use of this element and its consequences more completely."/>
      <requirements value="This has been identified as a clinical safety criterium - that this exact system/code pair was chosen explicitly, rather than inferred by the system based on some rules or language processing."/>
      <min value="0"/>
      <max value="1"/>
      <type>
        <code value="boolean"/>
      </type>
      <isSummary value="true"/>
      <mapping>
        <identity value="v2"/>
        <map value="Sometimes implied by being first"/>
      </mapping>
      <mapping>
        <identity value="rim"/>
        <map value="CD.codingRationale"/>
      </mapping>
      <mapping>
        <identity value="orim"/>
        <map value="fhir:Coding.userSelected fhir:mapsTo dt:CDCoding.codingRationale. fhir:Coding.userSelected fhir:hasMap fhir:Coding.userSelected.map. fhir:Coding.userSelected.map a fhir:Map;   fhir:target dt:CDCoding.codingRationale. fhir:Coding.userSelected\#true a [     fhir:source &quot;true&quot;;     fhir:target dt:CDCoding.codingRationale\#O   ]"/>
      </mapping>
    </element>
  </snapshot>
  <differential>
    <element>
      <path value="Coding"/>
      <short value="A reference to a code defined by a terminology system"/>
      <definition value="A reference to a code defined by a terminology system."/>
      <comments value="Codes may be defined very casually in enumerations or code lists, up to very formal definitions such as SNOMED CT - see the HL7 v3 Core Principles for more information."/>
      <min value="0"/>
      <max value="*"/>
      <type>
        <code value="Element"/>
      </type>
      <isSummary value="true"/>
      <mapping>
        <identity value="v2"/>
        <map value="CE/CNE/CWE subset one of the sets of component 1-3 or 4-6"/>
      </mapping>
      <mapping>
        <identity value="rim"/>
        <map value="CV"/>
      </mapping>
      <mapping>
        <identity value="orim"/>
        <map value="fhir:Coding rdfs:subClassOf dt:CDCoding"/>
      </mapping>
    </element>
    <element>
      <path value="Coding.system"/>
      <short value="Identity of the terminology system"/>
      <definition value="The identification of the code system that defines the meaning of the symbol in the code."/>
      <comments value="The URI may be an OID (urn:oid:...) or a UUID (urn:uuid:...).  OIDs and UUIDs SHALL be references to the HL7 OID registry. Otherwise, the URI should come from HL7&#39;s list of FHIR defined special URIs or it should de-reference to some definition that establish the system clearly and unambiguously."/>
      <requirements value="Need to be unambiguous about the source of the definition of the symbol."/>
      <min value="0"/>
      <max value="1"/>
      <type>
        <code value="uri"/>
      </type>
      <isSummary value="true"/>
      <mapping>
        <identity value="v2"/>
        <map value="C*E.3"/>
      </mapping>
      <mapping>
        <identity value="rim"/>
        <map value="./codeSystem"/>
      </mapping>
      <mapping>
        <identity value="orim"/>
        <map value="fhir:Coding.system rdfs:subPropertyOf dt:CDCoding.codeSystem"/>
      </mapping>
    </element>
    <element>
      <path value="Coding.version"/>
      <short value="Version of the system - if relevant"/>
      <definition value="The version of the code system which was used when choosing this code. Note that a well-maintained code system does not need the version reported, because the meaning of codes is consistent across versions. However this cannot consistently be assured. and when the meaning is not guaranteed to be consistent, the version SHOULD be exchanged."/>
      <comments value="Where the terminology does not clearly define what string should be used to identify code system versions, the recommendation is to use the date (expressed in FHIR date format) on which that version was officially published as the version date."/>
      <min value="0"/>
      <max value="1"/>
      <type>
        <code value="string"/>
      </type>
      <isSummary value="true"/>
      <mapping>
        <identity value="v2"/>
        <map value="C*E.7"/>
      </mapping>
      <mapping>
        <identity value="rim"/>
        <map value="./codeSystemVersion"/>
      </mapping>
      <mapping>
        <identity value="orim"/>
        <map value="fhir:Coding.version rdfs:subPropertyOf dt:CDCoding.codeSystemVersion"/>
      </mapping>
    </element>
    <element>
      <path value="Coding.code"/>
      <short value="Symbol in syntax defined by the system"/>
      <definition value="A symbol in syntax defined by the system. The symbol may be a predefined code or an expression in a syntax defined by the coding system (e.g. post-coordination)."/>
      <requirements value="Need to refer to a particular code in the system."/>
      <min value="0"/>
      <max value="1"/>
      <type>
        <code value="code"/>
      </type>
      <isSummary value="true"/>
      <mapping>
        <identity value="v2"/>
        <map value="C*E.1"/>
      </mapping>
      <mapping>
        <identity value="rim"/>
        <map value="./code"/>
      </mapping>
      <mapping>
        <identity value="orim"/>
        <map value="fhir:Coding.code rdfs:subPropertyOf dt:CDCoding.code"/>
      </mapping>
    </element>
    <element>
      <path value="Coding.display"/>
      <short value="Representation defined by the system"/>
      <definition value="A representation of the meaning of the code in the system, following the rules of the system."/>
      <requirements value="Need to be able to carry a human-readable meaning of the code for readers that do not know  the system."/>
      <min value="0"/>
      <max value="1"/>
      <type>
        <code value="string"/>
      </type>
      <isSummary value="true"/>
      <mapping>
        <identity value="v2"/>
        <map value="C*E.2 - but note this is not well followed"/>
      </mapping>
      <mapping>
        <identity value="rim"/>
        <map value="CV.displayName"/>
      </mapping>
      <mapping>
        <identity value="orim"/>
        <map value="fhir:Coding.display rdfs:subPropertyOf dt:CDCoding.displayName"/>
      </mapping>
    </element>
    <element>
      <path value="Coding.userSelected"/>
      <short value="If this coding was chosen directly by the user"/>
      <definition value="Indicates that this coding was chosen by a user directly - i.e. off a pick list of available items (codes or displays)."/>
      <comments value="Amongst a set of alternatives, a directly chosen code is the most appropriate starting point for new translations. There is some ambiguity about what exactly &#39;directly chosen&#39; implies, and trading partner agreement may be needed to clarify the use of this element and its consequences more completely."/>
      <requirements value="This has been identified as a clinical safety criterium - that this exact system/code pair was chosen explicitly, rather than inferred by the system based on some rules or language processing."/>
      <min value="0"/>
      <max value="1"/>
      <type>
        <code value="boolean"/>
      </type>
      <isSummary value="true"/>
      <mapping>
        <identity value="v2"/>
        <map value="Sometimes implied by being first"/>
      </mapping>
      <mapping>
        <identity value="rim"/>
        <map value="CD.codingRationale"/>
      </mapping>
      <mapping>
        <identity value="orim"/>
        <map value="fhir:Coding.userSelected fhir:mapsTo dt:CDCoding.codingRationale. fhir:Coding.userSelected fhir:hasMap fhir:Coding.userSelected.map. fhir:Coding.userSelected.map a fhir:Map;   fhir:target dt:CDCoding.codingRationale. fhir:Coding.userSelected\#true a [     fhir:source &quot;true&quot;;     fhir:target dt:CDCoding.codingRationale\#O   ]"/>
      </mapping>
    </element>
  </differential>
</StructureDefinition>