<?xml version="1.0" encoding="UTF-8"?>

<StructureDefinition xmlns="http://hl7.org/fhir">
  <id value="Meta"/>
  <text>
    <status value="generated"/>
    <div xmlns="http://www.w3.org/1999/xhtml">
      <table border="0" cellpadding="0" cellspacing="0" style="border: 0px; font-size: 11px; font-family: verdana; vertical-align: top;">
        <tr style="border: 1px #F0F0F0 solid; font-size: 11px; font-family: verdana; vertical-align: top;">
          <th style="vertical-align: top; text-align : left; background-color: white; padding:0px 4px 0px 4px" class="hierarchy">
            <a href="formats.html#table" title="The logical name of the element">Name</a>
          </th>
          <th style="vertical-align: top; text-align : left; background-color: white; padding:0px 4px 0px 4px" class="hierarchy">
            <a href="formats.html#table" title="Information about the use of the element">Flags</a>
          </th>
          <th style="vertical-align: top; text-align : left; background-color: white; padding:0px 4px 0px 4px" class="hierarchy">
            <a href="formats.html#table" title="Minimum and Maximum # of times the the element can appear in the instance">Card.</a>
          </th>
          <th style="width: 100px" class="hierarchy">
            <a href="formats.html#table" title="Reference to the type of the element">Type</a>
          </th>
          <th style="vertical-align: top; text-align : left; background-color: white; padding:0px 4px 0px 4px" class="hierarchy">
            <a href="formats.html#table" title="Additional information about the element">Description &amp; Constraints</a>
            <span style="float: right">
              <a href="formats.html#table" title="Legend for this format">
                <img src="help16.png" alt="doco" style="background-color: inherit"/>
              </a>
            </span>
          </th>
        </tr>
        <tr style="border: 0px; padding:0px; vertical-align: top; background-color: white;">
          <td style="vertical-align: top; text-align : left; background-color: white; padding:0px 4px 0px 4px; white-space: nowrap; background-image: url(data: image/png;base64,iVBORw0KGgoAAAANSUhEUgAAAyAAAAACCAYAAACg/LjIAAAAL0lEQVR42u3XsQ0AQAgCQHdl/xn8jxvYWB3JlTR0VJLa+OltBwAAYP6EEQAAgCsPVYVAgIJrA/sAAAAASUVORK5CYII=)" class="hierarchy">
            <img src="data: image/png;base64," alt="." style="background-color: inherit" class="hierarchy"/>
            <img src="data: image/png;base64," alt="." style="background-color: white; background-color: inherit" title="Element" class="hierarchy"/> 
            <a href="resource-definitions.html#Meta" title="Meta : The metadata about a resource. This is content in the resource that is maintained by the infrastructure. Changes to the content may not always be associated with version changes to the resource.">Meta</a>
            <a name="Meta"> </a>
          </td>
          <td style="vertical-align: top; text-align : left; background-color: white; padding:0px 4px 0px 4px" class="hierarchy">
            <span title="This element is included in summaries">Σ</span>
          </td>
          <td style="vertical-align: top; text-align : left; background-color: white; padding:0px 4px 0px 4px" class="hierarchy"></td>
          <td style="vertical-align: top; text-align : left; background-color: white; padding:0px 4px 0px 4px" class="hierarchy">
            <a href="element.html">Element</a>
          </td>
          <td style="vertical-align: top; text-align : left; background-color: white; padding:0px 4px 0px 4px" class="hierarchy">Metadata about a resource</td>
        </tr>

        <tr style="border: 0px; padding:0px; vertical-align: top; background-color: white;">
          <td style="vertical-align: top; text-align : left; background-color: white; padding:0px 4px 0px 4px; white-space: nowrap; background-image: url(data: image/png;base64,iVBORw0KGgoAAAANSUhEUgAAAyAAAAACCAYAAACg/LjIAAAAL0lEQVR42u3XsQ0AQAgCQHdl/xn8jxvYWB3JlTR0VJLa+OltBwAAYP6EEQAAgCsPVYVAgIJrA/sAAAAASUVORK5CYII=)" class="hierarchy">
            <img src="data: image/png;base64," alt="." style="background-color: inherit" class="hierarchy"/>
            <img src="data: image/png;base64," alt="." style="background-color: inherit" class="hierarchy"/>
            <img src="data: image/png;base64," alt="." style="background-color: white; background-color: inherit" title="Primitive Data Type" class="hierarchy"/> 
            <a href="resource-definitions.html#Meta.versionId" title="Meta.versionId : The version specific identifier, as it appears in the version portion of the URL. This values changes when the resource is created, updated, or deleted.">versionId</a>
            <a name="Meta.versionId"> </a>
          </td>
          <td style="vertical-align: top; text-align : left; background-color: white; padding:0px 4px 0px 4px" class="hierarchy">
            <span title="This element is included in summaries">Σ</span>
          </td>
          <td style="vertical-align: top; text-align : left; background-color: white; padding:0px 4px 0px 4px" class="hierarchy">0..1</td>
          <td style="vertical-align: top; text-align : left; background-color: white; padding:0px 4px 0px 4px" class="hierarchy">
            <a href="datatypes.html#id">id</a>
          </td>
          <td style="vertical-align: top; text-align : left; background-color: white; padding:0px 4px 0px 4px" class="hierarchy">Version specific identifier</td>
        </tr>

        <tr style="border: 0px; padding:0px; vertical-align: top; background-color: white;">
          <td style="vertical-align: top; text-align : left; background-color: white; padding:0px 4px 0px 4px; white-space: nowrap; background-image: url(data: image/png;base64,iVBORw0KGgoAAAANSUhEUgAAAyAAAAACCAYAAACg/LjIAAAAL0lEQVR42u3XsQ0AQAgCQHdl/xn8jxvYWB3JlTR0VJLa+OltBwAAYP6EEQAAgCsPVYVAgIJrA/sAAAAASUVORK5CYII=)" class="hierarchy">
            <img src="data: image/png;base64," alt="." style="background-color: inherit" class="hierarchy"/>
            <img src="data: image/png;base64," alt="." style="background-color: inherit" class="hierarchy"/>
            <img src="data: image/png;base64," alt="." style="background-color: white; background-color: inherit" title="Primitive Data Type" class="hierarchy"/> 
            <a href="resource-definitions.html#Meta.lastUpdated" title="Meta.lastUpdated : When the resource last changed - e.g. when the version changed.">lastUpdated</a>
            <a name="Meta.lastUpdated"> </a>
          </td>
          <td style="vertical-align: top; text-align : left; background-color: white; padding:0px 4px 0px 4px" class="hierarchy">
            <span title="This element is included in summaries">Σ</span>
          </td>
          <td style="vertical-align: top; text-align : left; background-color: white; padding:0px 4px 0px 4px" class="hierarchy">0..1</td>
          <td style="vertical-align: top; text-align : left; background-color: white; padding:0px 4px 0px 4px" class="hierarchy">
            <a href="datatypes.html#instant">instant</a>
          </td>
          <td style="vertical-align: top; text-align : left; background-color: white; padding:0px 4px 0px 4px" class="hierarchy">When the resource version last changed</td>
        </tr>

        <tr style="border: 0px; padding:0px; vertical-align: top; background-color: white;">
          <td style="vertical-align: top; text-align : left; background-color: white; padding:0px 4px 0px 4px; white-space: nowrap; background-image: url(data: image/png;base64,iVBORw0KGgoAAAANSUhEUgAAAyAAAAACCAYAAACg/LjIAAAAL0lEQVR42u3XsQ0AQAgCQHdl/xn8jxvYWB3JlTR0VJLa+OltBwAAYP6EEQAAgCsPVYVAgIJrA/sAAAAASUVORK5CYII=)" class="hierarchy">
            <img src="data: image/png;base64," alt="." style="background-color: inherit" class="hierarchy"/>
            <img src="data: image/png;base64," alt="." style="background-color: inherit" class="hierarchy"/>
            <img src="data: image/png;base64," alt="." style="background-color: white; background-color: inherit" title="Primitive Data Type" class="hierarchy"/> 
            <a href="resource-definitions.html#Meta.profile" title="Meta.profile : A list of profiles [[[StructureDefinition]]]s that this resource claims to conform to. The URL is a reference to [[[StructureDefinition.url]]].">profile</a>
            <a name="Meta.profile"> </a>
          </td>
          <td style="vertical-align: top; text-align : left; background-color: white; padding:0px 4px 0px 4px" class="hierarchy">
            <span title="This element is included in summaries">Σ</span>
          </td>
          <td style="vertical-align: top; text-align : left; background-color: white; padding:0px 4px 0px 4px" class="hierarchy">0..*</td>
          <td style="vertical-align: top; text-align : left; background-color: white; padding:0px 4px 0px 4px" class="hierarchy">
            <a href="datatypes.html#uri">uri</a>
          </td>
          <td style="vertical-align: top; text-align : left; background-color: white; padding:0px 4px 0px 4px" class="hierarchy">Profiles this resource claims to conform to</td>
        </tr>

        <tr style="border: 0px; padding:0px; vertical-align: top; background-color: white;">
          <td style="vertical-align: top; text-align : left; background-color: white; padding:0px 4px 0px 4px; white-space: nowrap; background-image: url(data: image/png;base64,iVBORw0KGgoAAAANSUhEUgAAAyAAAAACCAYAAACg/LjIAAAAL0lEQVR42u3XsQ0AQAgCQHdl/xn8jxvYWB3JlTR0VJLa+OltBwAAYP6EEQAAgCsPVYVAgIJrA/sAAAAASUVORK5CYII=)" class="hierarchy">
            <img src="data: image/png;base64," alt="." style="background-color: inherit" class="hierarchy"/>
            <img src="data: image/png;base64," alt="." style="background-color: inherit" class="hierarchy"/>
            <img src="data: image/png;base64," alt="." style="background-color: white; background-color: inherit" title="Data Type" class="hierarchy"/> 
            <a href="resource-definitions.html#Meta.security" title="Meta.security : Security labels applied to this resource. These tags connect specific resources to the overall security policy and infrastructure.">security</a>
            <a name="Meta.security"> </a>
          </td>
          <td style="vertical-align: top; text-align : left; background-color: white; padding:0px 4px 0px 4px" class="hierarchy">
            <span title="This element is included in summaries">Σ</span>
          </td>
          <td style="vertical-align: top; text-align : left; background-color: white; padding:0px 4px 0px 4px" class="hierarchy">0..*</td>
          <td style="vertical-align: top; text-align : left; background-color: white; padding:0px 4px 0px 4px" class="hierarchy">
            <a href="datatypes.html#Coding">Coding</a>
          </td>
          <td style="vertical-align: top; text-align : left; background-color: white; padding:0px 4px 0px 4px" class="hierarchy">Security Labels applied to this resource
            <br/>
            <a href="valueset-security-labels.html" title="Security Labels from the Healthcare Privacy and Security Classification System.">All Security Labels</a> (
            <a href="terminologies.html#extensible" title="To be conformant, instances of this element SHALL include a code from the specified value set if any of the codes within the value set can apply to the concept being communicated.  If the valueset does not cover the concept (based on human review), alternate codings (or, data type allowing, text) may be included instead.">Extensible</a>)
          </td>
        </tr>

        <tr style="border: 0px; padding:0px; vertical-align: top; background-color: white;">
          <td style="vertical-align: top; text-align : left; background-color: white; padding:0px 4px 0px 4px; white-space: nowrap; background-image: url(data: image/png;base64,iVBORw0KGgoAAAANSUhEUgAAAyAAAAACCAYAAACg/LjIAAAAI0lEQVR42u3QIQEAAAACIL/6/4MvTAQOkLYBAAB4kAAAANwMad9AqkRjgNAAAAAASUVORK5CYII=)" class="hierarchy">
            <img src="data: image/png;base64," alt="." style="background-color: inherit" class="hierarchy"/>
            <img src="data: image/png;base64," alt="." style="background-color: inherit" class="hierarchy"/>
            <img src="data: image/png;base64," alt="." style="background-color: white; background-color: inherit" title="Data Type" class="hierarchy"/> 
            <a href="resource-definitions.html#Meta.tag" title="Meta.tag : Tags applied to this resource. Tags are intended to be used to identify and relate resources to process and workflow, and applications are not required to consider the tags when interpreting the meaning of a resource.">tag</a>
            <a name="Meta.tag"> </a>
          </td>
          <td style="vertical-align: top; text-align : left; background-color: white; padding:0px 4px 0px 4px" class="hierarchy">
            <span title="This element is included in summaries">Σ</span>
          </td>
          <td style="vertical-align: top; text-align : left; background-color: white; padding:0px 4px 0px 4px" class="hierarchy">0..*</td>
          <td style="vertical-align: top; text-align : left; background-color: white; padding:0px 4px 0px 4px" class="hierarchy">
            <a href="datatypes.html#Coding">Coding</a>
          </td>
          <td style="vertical-align: top; text-align : left; background-color: white; padding:0px 4px 0px 4px" class="hierarchy">Tags applied to this resource</td>
        </tr>

        <tr>
          <td colspan="5" class="hierarchy">
            <br/>
            <a href="formats.html#table" title="Legend for this format">
              <img src="help16.png" alt="doco" style="background-color: inherit"/> Documentation for this format
            </a>
          </td>
        </tr>
      </table>
    </div>
  </text>
  <url value="http://hl7.org/fhir/StructureDefinition/Meta"/>
  <name value="Meta"/>
  <status value="draft"/>
  <publisher value="HL7 FHIR Standard"/>
  <contact>
    <telecom>
      <system value="other"/>
      <value value="http://hl7.org/fhir"/>
    </telecom>
  </contact>
  <date value="2015-11-04T00:45:12+00:00"/>
  <description value="Base StructureDefinition for Meta Type"/>
  <fhirVersion value="1.0.2"/>
  <mapping>
    <identity value="rim"/>
    <uri value="http://hl7.org/v3"/>
    <name value="RIM"/>
  </mapping>
  <kind value="datatype"/>
  <abstract value="false"/>
  <base value="http://hl7.org/fhir/StructureDefinition/Element"/>
  <snapshot>
    <element>
      <path value="Meta"/>
      <short value="Metadata about a resource"/>
      <definition value="The metadata about a resource. This is content in the resource that is maintained by the infrastructure. Changes to the content may not always be associated with version changes to the resource."/>
      <min value="0"/>
      <max value="*"/>
      <type>
        <code value="Element"/>
      </type>
      <isSummary value="true"/>
    </element>
    <element>
      <path value="Meta.id"/>
      <representation value="xmlAttr"/>
      <short value="xml:id (or equivalent in JSON)"/>
      <definition value="unique id for the element within a resource (for internal references)."/>
      <min value="0"/>
      <max value="1"/>
      <type>
        <code value="id"/>
      </type>
      <mapping>
        <identity value="rim"/>
        <map value="n/a"/>
      </mapping>
    </element>
    <element>
      <path value="Meta.extension"/>
      <short value="Additional Content defined by implementations"/>
      <definition value="May be used to represent additional information that is not part of the basic definition of the element. In order to make the use of extensions safe and manageable, there is a strict set of governance  applied to the definition and use of extensions. Though any implementer is allowed to define an extension, there is a set of requirements that SHALL be met as part of the definition of the extension."/>
      <comments value="There can be no stigma associated with the use of extensions by any application, project, or standard - regardless of the institution or jurisdiction that uses or defines the extensions.  The use of extensions is what allows the FHIR specification to retain a core level of simplicity for everyone."/>
      <alias value="extensions"/>
      <alias value="user content"/>
      <min value="0"/>
      <max value="*"/>
      <type>
        <code value="Extension"/>
      </type>
      <mapping>
        <identity value="rim"/>
        <map value="n/a"/>
      </mapping>
    </element>
    <element>
      <path value="Meta.versionId"/>
      <short value="Version specific identifier"/>
      <definition value="The version specific identifier, as it appears in the version portion of the URL. This values changes when the resource is created, updated, or deleted."/>
      <comments value="The server assigns this value, and ignores what the client specifies, except in the case that the server is imposing version integrity on updates/deletes."/>
      <min value="0"/>
      <max value="1"/>
      <type>
        <code value="id"/>
      </type>
      <isSummary value="true"/>
    </element>
    <element>
      <path value="Meta.lastUpdated"/>
      <short value="When the resource version last changed"/>
      <definition value="When the resource last changed - e.g. when the version changed."/>
      <comments value="This value is always populated except when the resource is first being created. The server / resource manager sets this value; what a client provides is irrelevant."/>
      <min value="0"/>
      <max value="1"/>
      <type>
        <code value="instant"/>
      </type>
      <isSummary value="true"/>
    </element>
    <element>
      <path value="Meta.profile"/>
      <short value="Profiles this resource claims to conform to"/>
      <definition value="A list of profiles [[[StructureDefinition]]]s that this resource claims to conform to. The URL is a reference to [[[StructureDefinition.url]]]."/>
      <comments value="It is up to the server and/or other infrastructure of policy to determine whether/how these claims are verified and/or updated over time.  The list of profile URLs is a set."/>
      <min value="0"/>
      <max value="*"/>
      <type>
        <code value="uri"/>
      </type>
      <isSummary value="true"/>
    </element>
    <element>
      <path value="Meta.security"/>
      <short value="Security Labels applied to this resource"/>
      <definition value="Security labels applied to this resource. These tags connect specific resources to the overall security policy and infrastructure."/>
      <comments value="The security labels can be updated without changing the stated version of the resource  The list of security labels is a set. Uniqueness is based the system/code, and version and display are ignored."/>
      <min value="0"/>
      <max value="*"/>
      <type>
        <code value="Coding"/>
      </type>
      <isSummary value="true"/>
      <binding>
        <strength value="extensible"/>
        <description value="Security Labels from the Healthcare Privacy and Security Classification System."/>
        <valueSetReference>
          <reference value="http://hl7.org/fhir/ValueSet/security-labels"/>
        </valueSetReference>
      </binding>
    </element>
    <element>
      <path value="Meta.tag"/>
      <short value="Tags applied to this resource"/>
      <definition value="Tags applied to this resource. Tags are intended to be used to identify and relate resources to process and workflow, and applications are not required to consider the tags when interpreting the meaning of a resource."/>
      <comments value="The tags can be updated without changing the stated version of the resource.  The list of tags is a set. Uniqueness is based the system/code, and version and display are ignored."/>
      <min value="0"/>
      <max value="*"/>
      <type>
        <code value="Coding"/>
      </type>
      <isSummary value="true"/>
      <binding>
        <strength value="example"/>
        <description value="Codes that represent various types of tags, commonly workflow-related; e.g. &quot;Needs review by Dr. Jones&quot;"/>
      </binding>
    </element>
  </snapshot>
  <differential>
    <element>
      <path value="Meta"/>
      <short value="Metadata about a resource"/>
      <definition value="The metadata about a resource. This is content in the resource that is maintained by the infrastructure. Changes to the content may not always be associated with version changes to the resource."/>
      <min value="0"/>
      <max value="*"/>
      <type>
        <code value="Element"/>
      </type>
      <isSummary value="true"/>
    </element>
    <element>
      <path value="Meta.versionId"/>
      <short value="Version specific identifier"/>
      <definition value="The version specific identifier, as it appears in the version portion of the URL. This values changes when the resource is created, updated, or deleted."/>
      <comments value="The server assigns this value, and ignores what the client specifies, except in the case that the server is imposing version integrity on updates/deletes."/>
      <min value="0"/>
      <max value="1"/>
      <type>
        <code value="id"/>
      </type>
      <isSummary value="true"/>
    </element>
    <element>
      <path value="Meta.lastUpdated"/>
      <short value="When the resource version last changed"/>
      <definition value="When the resource last changed - e.g. when the version changed."/>
      <comments value="This value is always populated except when the resource is first being created. The server / resource manager sets this value; what a client provides is irrelevant."/>
      <min value="0"/>
      <max value="1"/>
      <type>
        <code value="instant"/>
      </type>
      <isSummary value="true"/>
    </element>
    <element>
      <path value="Meta.profile"/>
      <short value="Profiles this resource claims to conform to"/>
      <definition value="A list of profiles [[[StructureDefinition]]]s that this resource claims to conform to. The URL is a reference to [[[StructureDefinition.url]]]."/>
      <comments value="It is up to the server and/or other infrastructure of policy to determine whether/how these claims are verified and/or updated over time.  The list of profile URLs is a set."/>
      <min value="0"/>
      <max value="*"/>
      <type>
        <code value="uri"/>
      </type>
      <isSummary value="true"/>
    </element>
    <element>
      <path value="Meta.security"/>
      <short value="Security Labels applied to this resource"/>
      <definition value="Security labels applied to this resource. These tags connect specific resources to the overall security policy and infrastructure."/>
      <comments value="The security labels can be updated without changing the stated version of the resource  The list of security labels is a set. Uniqueness is based the system/code, and version and display are ignored."/>
      <min value="0"/>
      <max value="*"/>
      <type>
        <code value="Coding"/>
      </type>
      <isSummary value="true"/>
      <binding>
        <strength value="extensible"/>
        <description value="Security Labels from the Healthcare Privacy and Security Classification System."/>
        <valueSetReference>
          <reference value="http://hl7.org/fhir/ValueSet/security-labels"/>
        </valueSetReference>
      </binding>
    </element>
    <element>
      <path value="Meta.tag"/>
      <short value="Tags applied to this resource"/>
      <definition value="Tags applied to this resource. Tags are intended to be used to identify and relate resources to process and workflow, and applications are not required to consider the tags when interpreting the meaning of a resource."/>
      <comments value="The tags can be updated without changing the stated version of the resource.  The list of tags is a set. Uniqueness is based the system/code, and version and display are ignored."/>
      <min value="0"/>
      <max value="*"/>
      <type>
        <code value="Coding"/>
      </type>
      <isSummary value="true"/>
      <binding>
        <strength value="example"/>
        <description value="Codes that represent various types of tags, commonly workflow-related; e.g. &quot;Needs review by Dr. Jones&quot;"/>
      </binding>
    </element>
  </differential>
</StructureDefinition>