<?xml version="1.0" encoding="UTF-8"?>

<StructureDefinition xmlns="http://hl7.org/fhir">
  <id value="xdsdocumentmanifest"/>
  <text>
    <status value="generated"/>
    <div xmlns="http://www.w3.org/1999/xhtml">to do</div>
  </text>
  <url value="http://hl7.org/fhir/StructureDefinition/xdsdocumentmanifest"/>
  <name value="XDS profile for Document Reference"/>
  <status value="draft"/>
  <publisher value="HL7"/>
  <contact>
    <telecom>
      <system value="other"/>
      <value value="http://www.hl7.org"/>
    </telecom>
  </contact>
  <date value="2012-06-24"/>
  <description value="SubmissionSet"/>
  <fhirVersion value="1.0.2"/>
  <kind value="resource"/>
  <constrainedType value="DocumentManifest"/>
  <abstract value="false"/>
  <base value="http://hl7.org/fhir/StructureDefinition/DocumentManifest"/>
  <snapshot>
    <element>
      <path value="DocumentManifest"/>
      <name value="XDSDocumentManifest"/>
      <short value="SubmissionSet"/>
      <definition value="A manifest that defines a set of documents."/>
      <min value="0"/>
      <max value="*"/>
      <base>
        <path value="DocumentManifest"/>
        <min value="0"/>
        <max value="*"/>
      </base>
      <type>
        <code value="DocumentManifest"/>
      </type>
      <isSummary value="true"/>
      <mapping>
        <identity value="rim"/>
        <map value="Act[classCode=FOLDER, moodCode=EVN]"/>
      </mapping>
      <mapping>
        <identity value="w5"/>
        <map value="infrastructure.documents"/>
      </mapping>
    </element>
    <element>
      <path value="DocumentManifest.id"/>
      <short value="Logical id of this artifact"/>
      <definition value="The logical id of the resource, as used in the URL for the resource. Once assigned, this value never changes."/>
      <comments value="The only time that a resource does not have an id is when it is being submitted to the server using a create operation. Bundles always have an id, though it is usually a generated UUID."/>
      <min value="0"/>
      <max value="1"/>
      <base>
        <path value="DocumentManifest.id"/>
        <min value="0"/>
        <max value="1"/>
      </base>
      <type>
        <code value="id"/>
      </type>
      <isSummary value="true"/>
    </element>
    <element>
      <path value="DocumentManifest.meta"/>
      <short value="Metadata about the resource"/>
      <definition value="The metadata about the resource. This is content that is maintained by the infrastructure. Changes to the content may not always be associated with version changes to the resource."/>
      <min value="0"/>
      <max value="1"/>
      <base>
        <path value="DocumentManifest.meta"/>
        <min value="0"/>
        <max value="1"/>
      </base>
      <type>
        <code value="Meta"/>
      </type>
      <isSummary value="true"/>
    </element>
    <element>
      <path value="DocumentManifest.implicitRules"/>
      <short value="A set of rules under which this content was created"/>
      <definition value="A reference to a set of rules that were followed when the resource was constructed, and which must be understood when processing the content."/>
      <comments value="Asserting this rule set restricts the content to be only understood by a limited set of trading partners. This inherently limits the usefulness of the data in the long term. However, the existing health eco-system is highly fractured, and not yet ready to define, collect, and exchange data in a generally computable sense. Wherever possible, implementers and/or specification writers should avoid using this element as much as possible."/>
      <min value="0"/>
      <max value="1"/>
      <base>
        <path value="DocumentManifest.implicitRules"/>
        <min value="0"/>
        <max value="1"/>
      </base>
      <type>
        <code value="uri"/>
      </type>
      <isModifier value="true"/>
      <isSummary value="true"/>
    </element>
    <element>
      <path value="DocumentManifest.language"/>
      <short value="Language of the resource content"/>
      <definition value="The base language in which the resource is written."/>
      <comments value="Language is provided to support indexing and accessibility (typically, services such as text to speech use the language tag). The html language tag in the narrative applies  to the narrative. The language tag on the resource may be used to specify the language of other presentations generated from the data in the resource  Not all the content has to be in the base language. The Resource.language should not be assumed to apply to the narrative automatically. If a language is specified, it should it also be specified on the div element in the html (see rules in HTML5 for information about the relationship between xml:lang and the html lang attribute)."/>
      <min value="0"/>
      <max value="1"/>
      <base>
        <path value="DocumentManifest.language"/>
        <min value="0"/>
        <max value="1"/>
      </base>
      <type>
        <code value="code"/>
      </type>
      <binding>
        <strength value="required"/>
        <description value="A human language."/>
        <valueSetUri value="http://tools.ietf.org/html/bcp47"/>
      </binding>
    </element>
    <element>
      <path value="DocumentManifest.text"/>
      <short value="Text summary of the resource, for human interpretation"/>
      <definition value="A human-readable narrative that contains a summary of the resource, and may be used to represent the content of the resource to a human. The narrative need not encode all the structured data, but is required to contain sufficient detail to make it &quot;clinically safe&quot; for a human to just read the narrative. Resource definitions may define what content should be represented in the narrative to ensure clinical safety."/>
      <comments value="Contained resources do not have narrative. Resources that are not contained SHOULD have a narrative."/>
      <alias value="narrative"/>
      <alias value="html"/>
      <alias value="xhtml"/>
      <alias value="display"/>
      <min value="0"/>
      <max value="1"/>
      <base>
        <path value="DocumentManifest.text"/>
        <min value="0"/>
        <max value="1"/>
      </base>
      <type>
        <code value="Narrative"/>
      </type>
      <condition value="dom-1"/>
      <mapping>
        <identity value="rim"/>
        <map value="Act.text?"/>
      </mapping>
    </element>
    <element>
      <path value="DocumentManifest.contained"/>
      <short value="Contained, inline Resources"/>
      <definition value="These resources do not have an independent existence apart from the resource that contains them - they cannot be identified independently, and nor can they have their own independent transaction scope."/>
      <comments value="This should never be done when the content can be identified properly, as once identification is lost, it is extremely difficult (and context dependent) to restore it again."/>
      <alias value="inline resources"/>
      <alias value="anonymous resources"/>
      <alias value="contained resources"/>
      <min value="0"/>
      <max value="*"/>
      <base>
        <path value="DocumentManifest.contained"/>
        <min value="0"/>
        <max value="*"/>
      </base>
      <type>
        <code value="Resource"/>
      </type>
      <mapping>
        <identity value="rim"/>
        <map value="N/A"/>
      </mapping>
    </element>
    <element>
      <path value="DocumentManifest.extension"/>
      <short value="Additional Content defined by implementations"/>
      <definition value="May be used to represent additional information that is not part of the basic definition of the resource. In order to make the use of extensions safe and manageable, there is a strict set of governance  applied to the definition and use of extensions. Though any implementer is allowed to define an extension, there is a set of requirements that SHALL be met as part of the definition of the extension."/>
      <comments value="There can be no stigma associated with the use of extensions by any application, project, or standard - regardless of the institution or jurisdiction that uses or defines the extensions.  The use of extensions is what allows the FHIR specification to retain a core level of simplicity for everyone."/>
      <alias value="extensions"/>
      <alias value="user content"/>
      <min value="0"/>
      <max value="*"/>
      <base>
        <path value="DocumentManifest.extension"/>
        <min value="0"/>
        <max value="*"/>
      </base>
      <type>
        <code value="Extension"/>
      </type>
      <mapping>
        <identity value="rim"/>
        <map value="N/A"/>
      </mapping>
    </element>
    <element>
      <path value="DocumentManifest.modifierExtension"/>
      <short value="Extensions that cannot be ignored"/>
      <definition value="May be used to represent additional information that is not part of the basic definition of the resource, and that modifies the understanding of the element that contains it. Usually modifier elements provide negation or qualification. In order to make the use of extensions safe and manageable, there is a strict set of governance applied to the definition and use of extensions. Though any implementer is allowed to define an extension, there is a set of requirements that SHALL be met as part of the definition of the extension. Applications processing a resource are required to check for modifier extensions."/>
      <comments value="There can be no stigma associated with the use of extensions by any application, project, or standard - regardless of the institution or jurisdiction that uses or defines the extensions.  The use of extensions is what allows the FHIR specification to retain a core level of simplicity for everyone."/>
      <alias value="extensions"/>
      <alias value="user content"/>
      <min value="0"/>
      <max value="*"/>
      <base>
        <path value="DocumentManifest.modifierExtension"/>
        <min value="0"/>
        <max value="*"/>
      </base>
      <type>
        <code value="Extension"/>
      </type>
      <isModifier value="true"/>
      <mapping>
        <identity value="rim"/>
        <map value="N/A"/>
      </mapping>
    </element>
    <element>
      <path value="DocumentManifest.masterIdentifier"/>
      <short value="SubmissionSet.uniqueId"/>
      <definition value="A globally unique identifier for the SubmissionSet assigned by the creating entity."/>
      <min value="1"/>
      <max value="1"/>
      <base>
        <path value="DocumentManifest.masterIdentifier"/>
        <min value="0"/>
        <max value="1"/>
      </base>
      <type>
        <code value="Identifier"/>
      </type>
      <isSummary value="true"/>
      <mapping>
        <identity value="rim"/>
        <map value="id [need a list semantic to indicate order matters]"/>
      </mapping>
      <mapping>
        <identity value="xds"/>
        <map value="SubmissionSet.uniqueId"/>
      </mapping>
      <mapping>
        <identity value="w5"/>
        <map value="id"/>
      </mapping>
    </element>
    <element>
      <path value="DocumentManifest.identifier"/>
      <short value="Other identifiers for the manifest"/>
      <definition value="Other identifiers associated with the document manifest, including version independent  identifiers."/>
      <min value="0"/>
      <max value="*"/>
      <base>
        <path value="DocumentManifest.identifier"/>
        <min value="0"/>
        <max value="*"/>
      </base>
      <type>
        <code value="Identifier"/>
      </type>
      <isSummary value="true"/>
      <mapping>
        <identity value="v2"/>
        <map value="TXA-16-Unique Document File Name?"/>
      </mapping>
      <mapping>
        <identity value="rim"/>
        <map value=".id / .setId"/>
      </mapping>
      <mapping>
        <identity value="xds"/>
        <map value="SubmissionSet.entryUUID"/>
      </mapping>
      <mapping>
        <identity value="w5"/>
        <map value="id"/>
      </mapping>
    </element>
    <element>
      <path value="DocumentManifest.subject"/>
      <short value="SubmissionSet.patientId"/>
      <definition value="the subject of care whose longitudinal record is being reflected in this SubmissionSet."/>
      <min value="0"/>
      <max value="1"/>
      <base>
        <path value="DocumentManifest.subject"/>
        <min value="0"/>
        <max value="1"/>
      </base>
      <type>
        <code value="Reference"/>
        <profile value="http://hl7.org/fhir/StructureDefinition/Patient"/>
      </type>
      <isSummary value="true"/>
      <mapping>
        <identity value="rim"/>
        <map value=".participation[typeCode=SBJ].role"/>
      </mapping>
      <mapping>
        <identity value="xds"/>
        <map value="SubmissionSet.patientId"/>
      </mapping>
      <mapping>
        <identity value="w5"/>
        <map value="who.focus"/>
      </mapping>
    </element>
    <element>
      <path value="DocumentManifest.recipient"/>
      <short value="SubmissionSet.intendedRecipient "/>
      <definition value="The organization(s) or person(s) for whom the SubmissionSet is intended."/>
      <comments value="How the recipient receives the document set or is notified of it is up to the implementation. This element is just a statement of intent. If the recipient is a person, and it is not known whether the person is a patient or a practitioner, RelatedPerson would be the default choice."/>
      <min value="0"/>
      <max value="*"/>
      <base>
        <path value="DocumentManifest.recipient"/>
        <min value="0"/>
        <max value="*"/>
      </base>
      <type>
        <code value="Reference"/>
        <profile value="http://hl7.org/fhir/StructureDefinition/Patient"/>
      </type>
      <type>
        <code value="Reference"/>
        <profile value="http://hl7.org/fhir/StructureDefinition/Practitioner"/>
      </type>
      <type>
        <code value="Reference"/>
        <profile value="http://hl7.org/fhir/StructureDefinition/Organization"/>
      </type>
      <isSummary value="true"/>
      <mapping>
        <identity value="rim"/>
        <map value=".participation[typeCode=IRCP].role"/>
      </mapping>
      <mapping>
        <identity value="xds"/>
        <map value="SubmissionSet.intendedRecipient"/>
      </mapping>
      <mapping>
        <identity value="w5"/>
        <map value="who.cause"/>
      </mapping>
    </element>
    <element>
      <path value="DocumentManifest.type"/>
      <short value="SubmissionSet.contentTypeCode"/>
      <definition value="The code specifying the type of clinical activity that resulted in placing the documents in this SubmissionSet."/>
      <min value="0"/>
      <max value="1"/>
      <base>
        <path value="DocumentManifest.type"/>
        <min value="0"/>
        <max value="1"/>
      </base>
      <type>
        <code value="CodeableConcept"/>
      </type>
      <isSummary value="true"/>
      <binding>
        <strength value="preferred"/>
        <description value="Precise type of clinical document."/>
        <valueSetReference>
          <reference value="http://hl7.org/fhir/ValueSet/c80-doc-typecodes"/>
        </valueSetReference>
      </binding>
      <mapping>
        <identity value="rim"/>
        <map value=".code"/>
      </mapping>
      <mapping>
        <identity value="xds"/>
        <map value="SubmissionSet.contentTypeCode"/>
      </mapping>
      <mapping>
        <identity value="w5"/>
        <map value="class"/>
      </mapping>
    </element>
    <element>
      <path value="DocumentManifest.author"/>
      <short value="SubmissionSet.author"/>
      <definition value="The humans and/or machines that authored the document  in the SubmissionSet. This attribute contains the sub-attributes: authorInstitution, authorPerson, authorRole, authorSpecialty."/>
      <comments value="Not necessarily who did the actual data entry (i.e. typist) or who was the source (informant)."/>
      <min value="1"/>
      <max value="*"/>
      <base>
        <path value="DocumentManifest.author"/>
        <min value="0"/>
        <max value="*"/>
      </base>
      <type>
        <code value="Reference"/>
        <profile value="http://hl7.org/fhir/StructureDefinition/Practitioner"/>
      </type>
      <type>
        <code value="Reference"/>
        <profile value="http://hl7.org/fhir/StructureDefinition/Device"/>
      </type>
      <isSummary value="true"/>
      <mapping>
        <identity value="rim"/>
        <map value=".participation[typeCode=AUT].role"/>
      </mapping>
      <mapping>
        <identity value="xds"/>
        <map value="SubmissionSet.author"/>
      </mapping>
      <mapping>
        <identity value="w5"/>
        <map value="who.author"/>
      </mapping>
    </element>
    <element>
      <path value="DocumentManifest.created"/>
      <short value="SubmissionSet.submissionTime"/>
      <definition value="Point in time at the creating entity when the SubmissionSet was created."/>
      <comments value="Creation time is used for tracking, organizing versions and searching. This is the creation time of the document set, not the documents on which it is based."/>
      <min value="0"/>
      <max value="1"/>
      <base>
        <path value="DocumentManifest.created"/>
        <min value="0"/>
        <max value="1"/>
      </base>
      <type>
        <code value="dateTime"/>
      </type>
      <isSummary value="true"/>
      <mapping>
        <identity value="rim"/>
        <map value=".participation[typeCode=AUT].time"/>
      </mapping>
      <mapping>
        <identity value="xds"/>
        <map value="SubmissionSet.submissionTime"/>
      </mapping>
      <mapping>
        <identity value="w5"/>
        <map value="when.done"/>
      </mapping>
    </element>
    <element>
      <path value="DocumentManifest.source"/>
      <short value="SubmissionSet.sourceId"/>
      <definition value="OID identifying the instance of the creating entity that contributed the SubmissionSet."/>
      <min value="0"/>
      <max value="1"/>
      <base>
        <path value="DocumentManifest.source"/>
        <min value="0"/>
        <max value="1"/>
      </base>
      <type>
        <code value="uri"/>
      </type>
      <isSummary value="true"/>
      <mapping>
        <identity value="rim"/>
        <map value=".participation[typeCode=PFM].time"/>
      </mapping>
      <mapping>
        <identity value="xds"/>
        <map value="SubmissionSet.sourceId"/>
      </mapping>
    </element>
    <element>
      <path value="DocumentManifest.status"/>
      <short value="SubmissionSet.availabilityStatus"/>
      <definition value="The lifecycle status of the SubmissionSet."/>
      <min value="1"/>
      <max value="1"/>
      <base>
        <path value="DocumentManifest.status"/>
        <min value="1"/>
        <max value="1"/>
      </base>
      <type>
        <code value="code"/>
      </type>
      <isModifier value="true"/>
      <isSummary value="true"/>
      <binding>
        <strength value="required"/>
        <description value="The status of the document reference."/>
        <valueSetReference>
          <reference value="http://hl7.org/fhir/ValueSet/document-reference-status"/>
        </valueSetReference>
      </binding>
      <mapping>
        <identity value="rim"/>
        <map value=".statusCode"/>
      </mapping>
      <mapping>
        <identity value="xds"/>
        <map value="SubmissionSet status"/>
      </mapping>
      <mapping>
        <identity value="w5"/>
        <map value="status"/>
      </mapping>
    </element>
    <element>
      <path value="DocumentManifest.description"/>
      <short value="SubmissionSet.title"/>
      <definition value="Human-readable description of the source document. This is sometimes known as the &quot;title&quot;."/>
      <comments value="What the document is about, rather than a terse summary of the document. It is commonly the case that records do not have a title and are collectively referred to by the display name of Record code (e.g. a &quot;consultation&quot; or &quot;progress note&quot;)."/>
      <requirements value="Helps humans to assess whether the document is of interest."/>
      <min value="0"/>
      <max value="1"/>
      <base>
        <path value="DocumentManifest.description"/>
        <min value="0"/>
        <max value="1"/>
      </base>
      <type>
        <code value="string"/>
      </type>
      <isSummary value="true"/>
      <mapping>
        <identity value="rim"/>
        <map value=".title"/>
      </mapping>
      <mapping>
        <identity value="xds"/>
        <map value="SubmissionSet.title"/>
      </mapping>
    </element>
    <element>
      <path value="DocumentManifest.content"/>
      <short value="SubmissionSet.documentEntry"/>
      <definition value="The list of resources that describe the parts of this document reference. Usually, these would be document references, but direct references to binary attachments and images are also allowed."/>
      <min value="1"/>
      <max value="*"/>
      <base>
        <path value="DocumentManifest.content"/>
        <min value="1"/>
        <max value="*"/>
      </base>
      <type>
        <code value="BackboneElement"/>
      </type>
      <isSummary value="true"/>
      <mapping>
        <identity value="rim"/>
        <map value="n/a"/>
      </mapping>
    </element>
    <element>
      <path value="DocumentManifest.content.id"/>
      <representation value="xmlAttr"/>
      <short value="xml:id (or equivalent in JSON)"/>
      <definition value="unique id for the element within a resource (for internal references)."/>
      <min value="0"/>
      <max value="1"/>
      <base>
        <path value="DocumentManifest.content.id"/>
        <min value="0"/>
        <max value="1"/>
      </base>
      <type>
        <code value="id"/>
      </type>
      <mapping>
        <identity value="rim"/>
        <map value="n/a"/>
      </mapping>
    </element>
    <element>
      <path value="DocumentManifest.content.extension"/>
      <short value="Additional Content defined by implementations"/>
      <definition value="May be used to represent additional information that is not part of the basic definition of the element. In order to make the use of extensions safe and manageable, there is a strict set of governance  applied to the definition and use of extensions. Though any implementer is allowed to define an extension, there is a set of requirements that SHALL be met as part of the definition of the extension."/>
      <comments value="There can be no stigma associated with the use of extensions by any application, project, or standard - regardless of the institution or jurisdiction that uses or defines the extensions.  The use of extensions is what allows the FHIR specification to retain a core level of simplicity for everyone."/>
      <alias value="extensions"/>
      <alias value="user content"/>
      <min value="0"/>
      <max value="*"/>
      <base>
        <path value="DocumentManifest.content.extension"/>
        <min value="0"/>
        <max value="*"/>
      </base>
      <type>
        <code value="Extension"/>
      </type>
      <mapping>
        <identity value="rim"/>
        <map value="n/a"/>
      </mapping>
    </element>
    <element>
      <path value="DocumentManifest.content.modifierExtension"/>
      <short value="Extensions that cannot be ignored"/>
      <definition value="May be used to represent additional information that is not part of the basic definition of the element, and that modifies the understanding of the element that contains it. Usually modifier elements provide negation or qualification. In order to make the use of extensions safe and manageable, there is a strict set of governance applied to the definition and use of extensions. Though any implementer is allowed to define an extension, there is a set of requirements that SHALL be met as part of the definition of the extension. Applications processing a resource are required to check for modifier extensions."/>
      <comments value="There can be no stigma associated with the use of extensions by any application, project, or standard - regardless of the institution or jurisdiction that uses or defines the extensions.  The use of extensions is what allows the FHIR specification to retain a core level of simplicity for everyone."/>
      <alias value="extensions"/>
      <alias value="user content"/>
      <alias value="modifiers"/>
      <min value="0"/>
      <max value="*"/>
      <base>
        <path value="DocumentManifest.content.modifierExtension"/>
        <min value="0"/>
        <max value="*"/>
      </base>
      <type>
        <code value="Extension"/>
      </type>
      <isModifier value="true"/>
      <mapping>
        <identity value="rim"/>
        <map value="N/A"/>
      </mapping>
    </element>
    <element>
      <path value="DocumentManifest.content.p[x]"/>
      <short value="Contents of this set of documents"/>
      <definition value="The list of references to document content, or Attachment that consist of the parts of this document manifest. Usually, these would be document references, but direct references to Media or Attachments are also allowed."/>
      <comments value="The intended focus of the DocumentManifest is for the reference to target either DocumentReference or Media Resources, and most implementation guides will restrict to these resources. The reference is to &quot;Any&quot; to support EN 13606 usage, where an extract is DocumentManifest that references  List and Composition resources."/>
      <min value="1"/>
      <max value="1"/>
      <base>
        <path value="DocumentManifest.content.p[x]"/>
        <min value="1"/>
        <max value="1"/>
      </base>
      <type>
        <code value="Attachment"/>
      </type>
      <type>
        <code value="Reference"/>
        <profile value="http://hl7.org/fhir/StructureDefinition/Resource"/>
      </type>
      <isSummary value="true"/>
      <mapping>
        <identity value="rim"/>
        <map value=".outboundRelationship[typeCode=COMP].target"/>
      </mapping>
      <mapping>
        <identity value="xds"/>
        <map value="SubmissionSet DocumentEntry(s)"/>
      </mapping>
    </element>
    <element>
      <path value="DocumentManifest.related"/>
      <short value="Related things"/>
      <definition value="Related identifiers or resources associated with the DocumentManifest."/>
      <comments value="May be identifiers or resources that caused the DocumentManifest to be created."/>
      <min value="0"/>
      <max value="*"/>
      <base>
        <path value="DocumentManifest.related"/>
        <min value="0"/>
        <max value="*"/>
      </base>
      <type>
        <code value="BackboneElement"/>
      </type>
      <isSummary value="true"/>
      <mapping>
        <identity value="rim"/>
        <map value="n/a"/>
      </mapping>
    </element>
    <element>
      <path value="DocumentManifest.related.id"/>
      <representation value="xmlAttr"/>
      <short value="xml:id (or equivalent in JSON)"/>
      <definition value="unique id for the element within a resource (for internal references)."/>
      <min value="0"/>
      <max value="1"/>
      <base>
        <path value="DocumentManifest.related.id"/>
        <min value="0"/>
        <max value="1"/>
      </base>
      <type>
        <code value="id"/>
      </type>
      <mapping>
        <identity value="rim"/>
        <map value="n/a"/>
      </mapping>
    </element>
    <element>
      <path value="DocumentManifest.related.extension"/>
      <short value="Additional Content defined by implementations"/>
      <definition value="May be used to represent additional information that is not part of the basic definition of the element. In order to make the use of extensions safe and manageable, there is a strict set of governance  applied to the definition and use of extensions. Though any implementer is allowed to define an extension, there is a set of requirements that SHALL be met as part of the definition of the extension."/>
      <comments value="There can be no stigma associated with the use of extensions by any application, project, or standard - regardless of the institution or jurisdiction that uses or defines the extensions.  The use of extensions is what allows the FHIR specification to retain a core level of simplicity for everyone."/>
      <alias value="extensions"/>
      <alias value="user content"/>
      <min value="0"/>
      <max value="*"/>
      <base>
        <path value="DocumentManifest.related.extension"/>
        <min value="0"/>
        <max value="*"/>
      </base>
      <type>
        <code value="Extension"/>
      </type>
      <mapping>
        <identity value="rim"/>
        <map value="n/a"/>
      </mapping>
    </element>
    <element>
      <path value="DocumentManifest.related.modifierExtension"/>
      <short value="Extensions that cannot be ignored"/>
      <definition value="May be used to represent additional information that is not part of the basic definition of the element, and that modifies the understanding of the element that contains it. Usually modifier elements provide negation or qualification. In order to make the use of extensions safe and manageable, there is a strict set of governance applied to the definition and use of extensions. Though any implementer is allowed to define an extension, there is a set of requirements that SHALL be met as part of the definition of the extension. Applications processing a resource are required to check for modifier extensions."/>
      <comments value="There can be no stigma associated with the use of extensions by any application, project, or standard - regardless of the institution or jurisdiction that uses or defines the extensions.  The use of extensions is what allows the FHIR specification to retain a core level of simplicity for everyone."/>
      <alias value="extensions"/>
      <alias value="user content"/>
      <alias value="modifiers"/>
      <min value="0"/>
      <max value="*"/>
      <base>
        <path value="DocumentManifest.related.modifierExtension"/>
        <min value="0"/>
        <max value="*"/>
      </base>
      <type>
        <code value="Extension"/>
      </type>
      <isModifier value="true"/>
      <mapping>
        <identity value="rim"/>
        <map value="N/A"/>
      </mapping>
    </element>
    <element>
      <path value="DocumentManifest.related.identifier"/>
      <short value="Identifiers of things that are related"/>
      <definition value="Related identifier to this DocumentManifest.  For example, Order numbers, accession numbers, XDW workflow numbers."/>
      <comments value="If both identifier and ref elements are present they shall refer to the same thing."/>
      <min value="0"/>
      <max value="1"/>
      <base>
        <path value="DocumentManifest.related.identifier"/>
        <min value="0"/>
        <max value="1"/>
      </base>
      <type>
        <code value="Identifier"/>
      </type>
      <isSummary value="true"/>
    </element>
    <element>
      <path value="DocumentManifest.related.ref"/>
      <short value="Related Resource"/>
      <definition value="Related Resource to this DocumentManifest. For example, Order, DiagnosticOrder,  Procedure, EligibilityRequest, etc."/>
      <comments value="If both identifier and ref elements are present they shall refer to the same thing."/>
      <min value="0"/>
      <max value="1"/>
      <base>
        <path value="DocumentManifest.related.ref"/>
        <min value="0"/>
        <max value="1"/>
      </base>
      <type>
        <code value="Reference"/>
        <profile value="http://hl7.org/fhir/StructureDefinition/Resource"/>
      </type>
      <isSummary value="true"/>
    </element>
  </snapshot>
  <differential>
    <element>
      <path value="DocumentManifest"/>
      <name value="XDSDocumentManifest"/>
      <short value="SubmissionSet"/>
      <definition value="A manifest that defines a set of documents."/>
      <min value="0"/>
      <max value="*"/>
      <type>
        <code value="DocumentManifest"/>
      </type>
    </element>
    <element>
      <path value="DocumentManifest.masterIdentifier"/>
      <short value="SubmissionSet.uniqueId"/>
      <definition value="A globally unique identifier for the SubmissionSet assigned by the creating entity."/>
      <min value="1"/>
      <max value="1"/>
    </element>
    <element>
      <path value="DocumentManifest.subject"/>
      <short value="SubmissionSet.patientId"/>
      <definition value="the subject of care whose longitudinal record is being reflected in this SubmissionSet."/>
      <type>
        <code value="Reference"/>
        <profile value="http://hl7.org/fhir/StructureDefinition/Patient"/>
      </type>
    </element>
    <element>
      <path value="DocumentManifest.recipient"/>
      <short value="SubmissionSet.intendedRecipient "/>
      <definition value="The organization(s) or person(s) for whom the SubmissionSet is intended."/>
      <type>
        <code value="Reference"/>
        <profile value="http://hl7.org/fhir/StructureDefinition/Patient"/>
      </type>
      <type>
        <code value="Reference"/>
        <profile value="http://hl7.org/fhir/StructureDefinition/Practitioner"/>
      </type>
      <type>
        <code value="Reference"/>
        <profile value="http://hl7.org/fhir/StructureDefinition/Organization"/>
      </type>
    </element>
    <element>
      <path value="DocumentManifest.type"/>
      <short value="SubmissionSet.contentTypeCode"/>
      <definition value="The code specifying the type of clinical activity that resulted in placing the documents in this SubmissionSet."/>
      <type>
        <code value="CodeableConcept"/>
      </type>
    </element>
    <element>
      <path value="DocumentManifest.author"/>
      <short value="SubmissionSet.author"/>
      <definition value="The humans and/or machines that authored the document  in the SubmissionSet. This attribute contains the sub-attributes: authorInstitution, authorPerson, authorRole, authorSpecialty."/>
      <min value="1"/>
      <max value="*"/>
      <type>
        <code value="Reference"/>
        <profile value="http://hl7.org/fhir/StructureDefinition/Practitioner"/>
      </type>
      <type>
        <code value="Reference"/>
        <profile value="http://hl7.org/fhir/StructureDefinition/Device"/>
      </type>
    </element>
    <element>
      <path value="DocumentManifest.created"/>
      <short value="SubmissionSet.submissionTime"/>
      <definition value="Point in time at the creating entity when the SubmissionSet was created."/>
      <type>
        <code value="dateTime"/>
      </type>
    </element>
    <element>
      <path value="DocumentManifest.source"/>
      <short value="SubmissionSet.sourceId"/>
      <definition value="OID identifying the instance of the creating entity that contributed the SubmissionSet."/>
      <type>
        <code value="uri"/>
      </type>
    </element>
    <element>
      <path value="DocumentManifest.status"/>
      <short value="SubmissionSet.availabilityStatus"/>
      <definition value="The lifecycle status of the SubmissionSet."/>
      <type>
        <code value="code"/>
      </type>
      <binding>
        <strength value="required"/>
        <description value="The status of the document reference."/>
        <valueSetReference>
          <reference value="http://hl7.org/fhir/ValueSet/document-reference-status"/>
        </valueSetReference>
      </binding>
    </element>
    <element>
      <path value="DocumentManifest.description"/>
      <short value="SubmissionSet.title"/>
      <definition value="Human-readable description of the source document. This is sometimes known as the &quot;title&quot;."/>
      <type>
        <code value="string"/>
      </type>
    </element>
    <element>
      <path value="DocumentManifest.content"/>
      <short value="SubmissionSet.documentEntry"/>
      <definition value="The list of resources that describe the parts of this document reference. Usually, these would be document references, but direct references to binary attachments and images are also allowed."/>
    </element>
  </differential>
</StructureDefinition>